Dance Of A Hummingbird,http://music.163.com/song/media/outer/url?id=1312925.mp3
Singur,http://music.163.com/song/media/outer/url?id=468882321.mp3
Lament,http://music.163.com/song/media/outer/url?id=1070865.mp3
The Quality of Silence,http://music.163.com/song/media/outer/url?id=20539938.mp3
Pole,http://music.163.com/song/media/outer/url?id=2425958.mp3
Dancing in the Moonlight,http://music.163.com/song/media/outer/url?id=4006059.mp3
Yellow Leaves,http://music.163.com/song/media/outer/url?id=26137951.mp3
You Are My Only Hope,http://music.163.com/song/media/outer/url?id=28692684.mp3
Before Love,http://music.163.com/song/media/outer/url?id=16411251.mp3
From the Outside,http://music.163.com/song/media/outer/url?id=2638805.mp3
Canci¨®n Triste,http://music.163.com/song/media/outer/url?id=22375061.mp3
Lara's Theme From Dr. Zhivago,http://music.163.com/song/media/outer/url?id=1313980.mp3
Black Orpheus,http://music.163.com/song/media/outer/url?id=1419120.mp3
Brighid's Blessing (Celtic Fantasy Album Version),http://music.163.com/song/media/outer/url?id=17224238.mp3
Forest Hymn,http://music.163.com/song/media/outer/url?id=2283006.mp3
Tears & Roses,http://music.163.com/song/media/outer/url?id=1716317.mp3
Nero,http://music.163.com/song/media/outer/url?id=406072455.mp3
Oltremare,http://music.163.com/song/media/outer/url?id=20952125.mp3
Broken Wing,http://music.163.com/song/media/outer/url?id=29391482.mp3
Windmills Of Your Mind,http://music.163.com/song/media/outer/url?id=19114441.mp3
A Time For Us,http://music.163.com/song/media/outer/url?id=22538945.mp3
Moonflower,http://music.163.com/song/media/outer/url?id=26500531.mp3
eau,http://music.163.com/song/media/outer/url?id=29535887.mp3
Song of the Whale,http://music.163.com/song/media/outer/url?id=30070481.mp3
Nuovi orizzonti,http://music.163.com/song/media/outer/url?id=1369984.mp3
Ever Eternity,http://music.163.com/song/media/outer/url?id=28941070.mp3
Starlight Memories,http://music.163.com/song/media/outer/url?id=1293032.mp3
Aurora Borealis,http://music.163.com/song/media/outer/url?id=29027341.mp3
