盼,http://music.163.com/song/media/outer/url?id=484377152.mp3
椿,http://music.163.com/song/media/outer/url?id=479598964.mp3
余香,http://music.163.com/song/media/outer/url?id=487885426.mp3
十二,http://music.163.com/song/media/outer/url?id=404465600.mp3
听说,http://music.163.com/song/media/outer/url?id=505820138.mp3
玫瑰,http://music.163.com/song/media/outer/url?id=458238990.mp3
觅香,http://music.163.com/song/media/outer/url?id=507815173.mp3
知秋,http://music.163.com/song/media/outer/url?id=509343394.mp3
太早,http://music.163.com/song/media/outer/url?id=126946.mp3
世间,http://music.163.com/song/media/outer/url?id=471565684.mp3
果车,http://music.163.com/song/media/outer/url?id=466003537.mp3
妄越,http://music.163.com/song/media/outer/url?id=513357061.mp3
我们,http://music.163.com/song/media/outer/url?id=543192436.mp3
长岛,http://music.163.com/song/media/outer/url?id=419373910.mp3
逝年,http://music.163.com/song/media/outer/url?id=32957955.mp3
成都,http://music.163.com/song/media/outer/url?id=436514312.mp3
鸽子,http://music.163.com/song/media/outer/url?id=27646197.mp3
春秋,http://music.163.com/song/media/outer/url?id=537024658.mp3
借我,http://music.163.com/song/media/outer/url?id=408814900.mp3
途中,http://music.163.com/song/media/outer/url?id=34380395.mp3
回信,http://music.163.com/song/media/outer/url?id=490369623.mp3
傲寒,http://music.163.com/song/media/outer/url?id=29572804.mp3
骊歌,http://music.163.com/song/media/outer/url?id=355995.mp3
秋酿,http://music.163.com/song/media/outer/url?id=30635613.mp3
送别,http://music.163.com/song/media/outer/url?id=26090155.mp3
青丝,http://music.163.com/song/media/outer/url?id=30500857.mp3
假装,http://music.163.com/song/media/outer/url?id=504835560.mp3
三峰,http://music.163.com/song/media/outer/url?id=26494853.mp3
走马,http://music.163.com/song/media/outer/url?id=30431367.mp3
倾慕,http://music.163.com/song/media/outer/url?id=531058980.mp3
七七,http://music.163.com/song/media/outer/url?id=466221368.mp3
阿刁,http://music.163.com/song/media/outer/url?id=447925059.mp3
旅行 (Live),http://music.163.com/song/media/outer/url?id=520242509.mp3
阿婆说,http://music.163.com/song/media/outer/url?id=479422013.mp3
莫妮卡,http://music.163.com/song/media/outer/url?id=486999661.mp3
董小姐,http://music.163.com/song/media/outer/url?id=27646198.mp3
声声慢,http://music.163.com/song/media/outer/url?id=439139384.mp3
安和桥,http://music.163.com/song/media/outer/url?id=27646205.mp3
不找了,http://music.163.com/song/media/outer/url?id=29850531.mp3
南山南,http://music.163.com/song/media/outer/url?id=29436904.mp3
郭源潮,http://music.163.com/song/media/outer/url?id=477251491.mp3
这个年纪,http://music.163.com/song/media/outer/url?id=35476049.mp3
少年锦时,http://music.163.com/song/media/outer/url?id=29567192.mp3
茶底世界,http://music.163.com/song/media/outer/url?id=27591444.mp3
南方姑娘,http://music.163.com/song/media/outer/url?id=202373.mp3
清白之年,http://music.163.com/song/media/outer/url?id=475072295.mp3
往后余生,http://music.163.com/song/media/outer/url?id=557584888.mp3
安安青旅,http://music.163.com/song/media/outer/url?id=543190382.mp3
北屯的夜,http://music.163.com/song/media/outer/url?id=524109115.mp3
两小无猜,http://music.163.com/song/media/outer/url?id=457279999.mp3
理想三旬,http://music.163.com/song/media/outer/url?id=31445772.mp3
北方姑娘,http://music.163.com/song/media/outer/url?id=536930583.mp3
那些花儿,http://music.163.com/song/media/outer/url?id=139377.mp3
南方北方,http://music.163.com/song/media/outer/url?id=405167769.mp3
你的名字,http://music.163.com/song/media/outer/url?id=422427709.mp3
斑马，斑马,http://music.163.com/song/media/outer/url?id=27646199.mp3
我们的时光,http://music.163.com/song/media/outer/url?id=29567193.mp3
西安人的歌,http://music.163.com/song/media/outer/url?id=413074434.mp3
认真地老去,http://music.163.com/song/media/outer/url?id=461080452.mp3
赤脚的孤儿,http://music.163.com/song/media/outer/url?id=421091989.mp3
从明天开始,http://music.163.com/song/media/outer/url?id=502919984.mp3
依兰爱情故事,http://music.163.com/song/media/outer/url?id=35618549.mp3
一如年少模样,http://music.163.com/song/media/outer/url?id=463157222.mp3
八十年代的歌,http://music.163.com/song/media/outer/url?id=447925066.mp3
白兰鸽巡游记,http://music.163.com/song/media/outer/url?id=29593805.mp3
猫眼里的半途,http://music.163.com/song/media/outer/url?id=440353151.mp3
遥不可及的你,http://music.163.com/song/media/outer/url?id=450853439.mp3
春夏秋冬的你,http://music.163.com/song/media/outer/url?id=412175360.mp3
机器铃 砍菜刀,http://music.163.com/song/media/outer/url?id=28481105.mp3
二十岁的某一天,http://music.163.com/song/media/outer/url?id=247172.mp3
一腔诗意喂了狗,http://music.163.com/song/media/outer/url?id=460542191.mp3
唱首民谣给爸妈,http://music.163.com/song/media/outer/url?id=569481663.mp3
我一定会爱上你,http://music.163.com/song/media/outer/url?id=479219330.mp3
至此流年各天涯,http://music.163.com/song/media/outer/url?id=470057375.mp3
远在北方孤独的鬼,http://music.163.com/song/media/outer/url?id=247177.mp3
凌晨吃一碗牛肉面,http://music.163.com/song/media/outer/url?id=515508534.mp3
十二月的城市没有雪花,http://music.163.com/song/media/outer/url?id=535770278.mp3
一只温柔美丽可爱迷人的大白猫(acoustic),http://music.163.com/song/media/outer/url?id=468394998.mp3
画,http://music.163.com/song/media/outer/url?id=202369.mp3
孤,http://music.163.com/song/media/outer/url?id=411921863.mp3
朵,http://music.163.com/song/media/outer/url?id=447926063.mp3
然,http://music.163.com/song/media/outer/url?id=863685902.mp3
钟,http://music.163.com/song/media/outer/url?id=67296.mp3
涩,http://music.163.com/song/media/outer/url?id=28310930.mp3
