花火のような恋,http://music.163.com/song/media/outer/url?id=461519995.mp3
Bye-Bye Lover,http://music.163.com/song/media/outer/url?id=404783670.mp3
MEMORIES,http://music.163.com/song/media/outer/url?id=465675806.mp3
遇见,http://music.163.com/song/media/outer/url?id=28971284.mp3
こえますか,http://music.163.com/song/media/outer/url?id=522529624.mp3
スパ`クル,http://music.163.com/song/media/outer/url?id=449511871.mp3
东京不太热(日语版),http://music.163.com/song/media/outer/url?id=32063404.mp3
暧昧さ回避 （Cover：音レンリ）,http://music.163.com/song/media/outer/url?id=460362435.mp3
君のいない世界には音も色もない,http://music.163.com/song/media/outer/url?id=505267086.mp3
孟姜女 - 念白附,http://music.163.com/song/media/outer/url?id=35307939.mp3
昨日、今日、明日,http://music.163.com/song/media/outer/url?id=28546527.mp3
雨が降る,http://music.163.com/song/media/outer/url?id=28467071.mp3
またあした,http://music.163.com/song/media/outer/url?id=409020556.mp3
flower,http://music.163.com/song/media/outer/url?id=34986768.mp3
明日への扉/I WISH,http://music.163.com/song/media/outer/url?id=4897583.mp3
Southern Waves,http://music.163.com/song/media/outer/url?id=449577394.mp3
ねがいごと,http://music.163.com/song/media/outer/url?id=412327263.mp3
feel feat. tada aoi,http://music.163.com/song/media/outer/url?id=802632.mp3
カラフル Diary,http://music.163.com/song/media/outer/url?id=33469953.mp3
月灯り -Self Cover-,http://music.163.com/song/media/outer/url?id=405242084.mp3
JEWEL,http://music.163.com/song/media/outer/url?id=22737663.mp3
そしていま,http://music.163.com/song/media/outer/url?id=544171.mp3
雨の降る部屋,http://music.163.com/song/media/outer/url?id=36025113.mp3
失う,http://music.163.com/song/media/outer/url?id=39224531.mp3
「Li」voice.,http://music.163.com/song/media/outer/url?id=407889025.mp3
花火,http://music.163.com/song/media/outer/url?id=440101626.mp3
あなたにありがとう,http://music.163.com/song/media/outer/url?id=511922975.mp3
ツノルキモチ,http://music.163.com/song/media/outer/url?id=541499339.mp3
Song That Never Ends ～簸尉Aき～,http://music.163.com/song/media/outer/url?id=524149888.mp3
ERASE (Main Vocal Saori),http://music.163.com/song/media/outer/url?id=28481580.mp3
あおぞら,http://music.163.com/song/media/outer/url?id=556030920.mp3
Hesitate,http://music.163.com/song/media/outer/url?id=830656.mp3
何度も,http://music.163.com/song/media/outer/url?id=29787255.mp3
Still Love You,http://music.163.com/song/media/outer/url?id=563512.mp3
だまりの庭 ~Eternal Garden~,http://music.163.com/song/media/outer/url?id=554242263.mp3
今、iき出す君へ,http://music.163.com/song/media/outer/url?id=504425755.mp3
カケラ,http://music.163.com/song/media/outer/url?id=620813.mp3
dialog,http://music.163.com/song/media/outer/url?id=445844847.mp3
アイコトバ,http://music.163.com/song/media/outer/url?id=475277789.mp3
雪花火,http://music.163.com/song/media/outer/url?id=465677827.mp3
oldToday,http://music.163.com/song/media/outer/url?id=487003519.mp3
三日月,http://music.163.com/song/media/outer/url?id=805120.mp3
HOME,http://music.163.com/song/media/outer/url?id=35505040.mp3
alternate（Cover 初音ミク）,http://music.163.com/song/media/outer/url?id=443291188.mp3
Last Snow,http://music.163.com/song/media/outer/url?id=29539190.mp3
君だったら（Cover Happy birthday）,http://music.163.com/song/media/outer/url?id=444706077.mp3
荬扭ないで,http://music.163.com/song/media/outer/url?id=22811354.mp3
say goodbye & good day,http://music.163.com/song/media/outer/url?id=588454.mp3
君がくれたコトバ,http://music.163.com/song/media/outer/url?id=29599738.mp3
眠れない夜に、眠らない夜は,http://music.163.com/song/media/outer/url?id=26624655.mp3
For you～月の光が降り注ぐテラス,http://music.163.com/song/media/outer/url?id=30245050.mp3
暮れ色のキャンバス,http://music.163.com/song/media/outer/url?id=27526075.mp3
@Dいて,http://music.163.com/song/media/outer/url?id=22815241.mp3
アイラブユ`,http://music.163.com/song/media/outer/url?id=553534158.mp3
キセキ,http://music.163.com/song/media/outer/url?id=22845928.mp3
Mermaid,http://music.163.com/song/media/outer/url?id=860619.mp3
しい雨,http://music.163.com/song/media/outer/url?id=33789478.mp3
SAKURA,http://music.163.com/song/media/outer/url?id=407000247.mp3
あなたといたいから,http://music.163.com/song/media/outer/url?id=29787260.mp3
Sound of Hands,http://music.163.com/song/media/outer/url?id=30352694.mp3
HELLO,http://music.163.com/song/media/outer/url?id=26429632.mp3
心はいつもあなたのそばに,http://music.163.com/song/media/outer/url?id=775886.mp3
秋,http://music.163.com/song/media/outer/url?id=28188591.mp3
Sleeping Pretend,http://music.163.com/song/media/outer/url?id=41662434.mp3
Wらのうた,http://music.163.com/song/media/outer/url?id=29137036.mp3
ひみつの部屋,http://music.163.com/song/media/outer/url?id=28953513.mp3
夏祭り,http://music.163.com/song/media/outer/url?id=22679426.mp3
glow,http://music.163.com/song/media/outer/url?id=476638468.mp3
ちょっと出かけてきます,http://music.163.com/song/media/outer/url?id=28288855.mp3
指切り,http://music.163.com/song/media/outer/url?id=426881658.mp3
サンセット、リセット。,http://music.163.com/song/media/outer/url?id=31889485.mp3
ねぇ,http://music.163.com/song/media/outer/url?id=25931813.mp3
二人の季 (三日月夜空 Ver.),http://music.163.com/song/media/outer/url?id=27705008.mp3
みもれっと,http://music.163.com/song/media/outer/url?id=27493107.mp3
おかえりなさい,http://music.163.com/song/media/outer/url?id=408328760.mp3
Nearly Maybe...,http://music.163.com/song/media/outer/url?id=27804773.mp3
あなたがいるから,http://music.163.com/song/media/outer/url?id=529824092.mp3
ハロ/ハワユ,http://music.163.com/song/media/outer/url?id=512358575.mp3
Sweet Memory,http://music.163.com/song/media/outer/url?id=515573221.mp3
Lily,http://music.163.com/song/media/outer/url?id=32317209.mp3
と幽,http://music.163.com/song/media/outer/url?id=487527984.mp3
baby I love you,http://music.163.com/song/media/outer/url?id=29450304.mp3
青と黄色のあまのじゃく,http://music.163.com/song/media/outer/url?id=32235695.mp3
奏 (かなで),http://music.163.com/song/media/outer/url?id=26373078.mp3
drop,http://music.163.com/song/media/outer/url?id=28189642.mp3
Never end,http://music.163.com/song/media/outer/url?id=4962227.mp3
梦道,http://music.163.com/song/media/outer/url?id=805095.mp3
snow white syndrome,http://music.163.com/song/media/outer/url?id=36578760.mp3
この世界で想うたった一人のひと,http://music.163.com/song/media/outer/url?id=33190151.mp3
iいてもiいても、夜空はWを追いかけてくる,http://music.163.com/song/media/outer/url?id=41416580.mp3
溺れ 弱くん,http://music.163.com/song/media/outer/url?id=32364337.mp3
名残の月,http://music.163.com/song/media/outer/url?id=583595.mp3
will,http://music.163.com/song/media/outer/url?id=36578532.mp3
Mikazuki,http://music.163.com/song/media/outer/url?id=491477089.mp3
ハナウタ,http://music.163.com/song/media/outer/url?id=26099910.mp3
○+●,http://music.163.com/song/media/outer/url?id=460319.mp3
小さな手,http://music.163.com/song/media/outer/url?id=500665842.mp3
ありがとうを君へ,http://music.163.com/song/media/outer/url?id=27506113.mp3
碧空,http://music.163.com/song/media/outer/url?id=497755597.mp3
雪恋,http://music.163.com/song/media/outer/url?id=437290639.mp3
